Workbook

Sheet per_seed
A1: arm | B1: bots | C1: seed | D1: Items | E1: Lines | F1: Orders | G1: Pile-on | H1: Trips | I1: Trips/Orders | J1: m/Line | K1: EOR(kJ/order) | L1: TurnoverMedian(s) | M1: StationIdle(%)
A2: m4g_6b | B2: 6 | C2: 0 | D2: 1426 | E2: 945 | F2: 616 | G2: 5.5 | H2: 112 | I2: 0.18181818 | J2: 9.8725978 | K2: 1.1974569 | L2: 803.95556 | M2: 1.0283951
A3: m4g_6b | B3: 6 | C3: 1 | D3: 1412 | E3: 925 | F3: 580 | G3: 5.1785714 | H3: 112 | I3: 0.19310345 | J3: 9.5592069 | K3: 1.2106212 | L3: 908.75556 | M3: 1.9962963
A4: m4g_6b | B4: 6 | C4: 2 | D4: 1425 | E4: 976 | F4: 613 | G4: 5.4247788 | H4: 113 | I4: 0.18433931 | J4: 9.0215084 | K4: 1.1686299 | L4: 809.86667 | M4: 1.1067901
A5: m4g_6b | B5: 6 | C5: 3 | D5: 1410 | E5: 940 | F5: 599 | G5: 5.5462963 | H5: 108 | I5: 0.1803005 | J5: 8.9386356 | K5: 1.1279479 | L5: 901.33333 | M5: 2.1598765
A6: m4g_6b | B6: 6 | C6: 4 | D6: 1417 | E6: 940 | F6: 583 | G6: 5.159292 | H6: 113 | I6: 0.19382504 | J6: 9.2539614 | K6: 1.2081299 | L6: 783.2 | M6: 1.662963
A7: m4g_6b | B7: 6 | C7: 5 | D7: 1418 | E7: 929 | F7: 587 | G7: 5.017094 | H7: 117 | I7: 0.19931857 | J7: 9.9289559 | K7: 1.2554114 | L7: 763.42222 | M7: 1.6024691
A8: m4g_6b | B8: 6 | C8: 6 | D8: 1429 | E8: 964 | F8: 603 | G8: 5.5321101 | H8: 109 | I8: 0.18076285 | J8: 9.0890776 | K8: 1.1630018 | L8: 844.75556 | M8: 0.8287037
A9: m4g_6b | B9: 6 | C9: 7 | D9: 1414 | E9: 937 | F9: 603 | G9: 5.3839286 | H9: 112 | I9: 0.18573798 | J9: 9.3416919 | K9: 1.1725442 | L9: 822.48889 | M9: 1.8222222
A10: m4g_6b | B10: 6 | C10: 8 | D10: 1420 | E10: 954 | F10: 603 | G10: 5.2894737 | H10: 114 | I10: 0.18905473 | J10: 9.4916143 | K10: 1.2122323 | L10: 797.6 | M10: 1.4277778
A11: m4g_6b | B11: 6 | C11: 9 | D11: 1428 | E11: 951 | F11: 604 | G11: 5.3451327 | H11: 113 | I11: 0.18708609 | J11: 9.2384902 | K11: 1.17927 | L11: 872.48889 | M11: 0.89506173
A12: m4g_legacy_6b | B12: 6 | C12: 0 | D12: 1388 | E12: 931 | F12: 612 | G12: 4.4671533 | H12: 137 | I12: 0.22385621 | J12: 11.51081 | K12: 1.3937758 | L12: 822.26667 | M12: 3.6493827
A13: m4g_legacy_6b | B13: 6 | C13: 1 | D13: 1410 | E13: 925 | F13: 574 | G13: 4.2835821 | H13: 134 | I13: 0.23344948 | J13: 11.322123 | K13: 1.4721013 | L13: 935.37778 | M13: 2.1558642
... A41: m4g_legacy_10b | B41: 10 | C41: 9 | D41: 1427 | E41: 956 | F41: 604 | G41: 2.9178744 | H41: 207 | I41: 0.34271523 | J41: 15.817992 | K41: 2.0274977 | L41: 752.22222 | M41: 1.0185185

Sheet excel_check
A1: kind | B1: arm_or_comparison | C1: metric | D1: excel_value | E1: python_value
A2: mean | B2: m4g_6b | C2: Items | D2: =AVERAGE(per_seed!$D$2:$D$11) -> 1419.9 | E2: 1419.9
A3: sd | B3: m4g_6b | C3: Items | D3: =_xlfn.STDEV.S(per_seed!$D$2:$D$11) -> 6.8223489 | E3: 6.8223489
A4: mean | B4: m4g_6b | C4: Lines | D4: =AVERAGE(per_seed!$E$2:$E$11) -> 946.1 | E4: 946.1
A5: sd | B5: m4g_6b | C5: Lines | D5: =_xlfn.STDEV.S(per_seed!$E$2:$E$11) -> 15.6237 | E5: 15.6237
A6: mean | B6: m4g_6b | C6: Orders | D6: =AVERAGE(per_seed!$F$2:$F$11) -> 599.1 | E6: 599.1
A7: sd | B7: m4g_6b | C7: Orders | D7: =_xlfn.STDEV.S(per_seed!$F$2:$F$11) -> 12.105554 | E7: 12.105554
A8: mean | B8: m4g_6b | C8: Pile-on | D8: =AVERAGE(per_seed!$G$2:$G$11) -> 5.3376678 | E8: 5.3376678
A9: sd | B9: m4g_6b | C9: Pile-on | D9: =_xlfn.STDEV.S(per_seed!$G$2:$G$11) -> 0.17628553 | E9: 0.17628553
A10: mean | B10: m4g_6b | C10: Trips | D10: =AVERAGE(per_seed!$H$2:$H$11) -> 112.3 | E10: 112.3
A11: sd | B11: m4g_6b | C11: Trips | D11: =_xlfn.STDEV.S(per_seed!$H$2:$H$11) -> 2.4966644 | E11: 2.4966644
A12: mean | B12: m4g_6b | C12: Trips/Orders | D12: =AVERAGE(per_seed!$I$2:$I$11) -> 0.18753467 | E12: 0.18753467
A13: sd | B13: m4g_6b | C13: Trips/Orders | D13: =_xlfn.STDEV.S(per_seed!$I$2:$I$11) -> 0.0062916126 | E13: 0.0062916126
A14: mean | B14: m4g_6b | C14: m/Line | D14: =AVERAGE(per_seed!$J$2:$J$11) -> 9.373574 | E14: 9.373574
A15: sd | B15: m4g_6b | C15: m/Line | D15: =_xlfn.STDEV.S(per_seed!$J$2:$J$11) -> 0.33887033 | E15: 0.33887033
A16: mean | B16: m4g_6b | C16: EOR(kJ/order) | D16: =AVERAGE(per_seed!$K$2:$K$11) -> 1.1895245 | E16: 1.1895245
A17: sd | B17: m4g_6b | C17: EOR(kJ/order) | D17: =_xlfn.STDEV.S(per_seed!$K$2:$K$11) -> 0.035017579 | E17: 0.035017579
A18: mean | B18: m4g_6b | C18: TurnoverMedian(s) | D18: =AVERAGE(per_seed!$L$2:$L$11) -> 830.78667 | E18: 830.78667
A19: sd | B19: m4g_6b | C19: TurnoverMedian(s) | D19: =_xlfn.STDEV.S(per_seed!$L$2:$L$11) -> 49.576436 | E19: 49.576436
A20: mean | B20: m4g_6b | C20: StationIdle(%) | D20: =AVERAGE(per_seed!$M$2:$M$11) -> 1.4530556 | E20: 1.4530556
A21: sd | B21: m4g_6b | C21: StationIdle(%) | D21: =_xlfn.STDEV.S(per_seed!$M$2:$M$11) -> 0.47133658 | E21: 0.47133658
A22: mean | B22: m4g_legacy_6b | C22: Items | D22: =AVERAGE(per_seed!$D$12:$D$21) -> 1407.8 | E22: 1407.8
A23: sd | B23: m4g_legacy_6b | C23: Items | D23: =_xlfn.STDEV.S(per_seed!$D$12:$D$21) -> 8.6384155 | E23: 8.6384155
A24: mean | B24: m4g_legacy_6b | C24: Lines | D24: =AVERAGE(per_seed!$E$12:$E$21) -> 939.5 | E24: 939.5
A25: sd | B25: m4g_legacy_6b | C25: Lines | D25: =_xlfn.STDEV.S(per_seed!$E$12:$E$21) -> 11.207636 | E25: 11.207636
A26: mean | B26: m4g_legacy_6b | C26: Orders | D26: =AVERAGE(per_seed!$F$12:$F$21) -> 589.7 | E26: 589.7
A27: sd | B27: m4g_legacy_6b | C27: Orders | D27: =_xlfn.STDEV.S(per_seed!$F$12:$F$21) -> 12.552556 | E27: 12.552556
A28: mean | B28: m4g_legacy_6b | C28: Pile-on | D28: =AVERAGE(per_seed!$G$12:$G$21) -> 4.414434 | E28: 4.414434
A29: sd | B29: m4g_legacy_6b | C29: Pile-on | D29: =_xlfn.STDEV.S(per_seed!$G$12:$G$21) -> 0.084468825 | E29: 0.084468825
A30: mean | B30: m4g_legacy_6b | C30: Trips | D30: =AVERAGE(per_seed!$H$12:$H$21) -> 133.6 | E30: 133.6
A31: sd | B31: m4g_legacy_6b | C31: Trips | D31: =_xlfn.STDEV.S(per_seed!$H$12:$H$21) -> 2.4585452 | E31: 2.4585452
A32: mean | B32: m4g_legacy_6b | C32: Trips/Orders | D32: =AVERAGE(per_seed!$I$12:$I$21) -> 0.22660497 | E32: 0.22660497
A33: sd | B33: m4g_legacy_6b | C33: Trips/Orders | D33: =_xlfn.STDEV.S(per_seed!$I$12:$I$21) -> 0.0043766917 | E33: 0.0043766917
A34: mean | B34: m4g_legacy_6b | C34: m/Line | D34: =AVERAGE(per_seed!$J$12:$J$21) -> 11.171753 | E34: 11.171753
A35: sd | B35: m4g_legacy_6b | C35: m/Line | D35: =_xlfn.STDEV.S(per_seed!$J$12:$J$21) -> 0.21214636 | E35: 0.21214636
A36: mean | B36: m4g_legacy_6b | C36: EOR(kJ/order) | D36: =AVERAGE(per_seed!$K$12:$K$21) -> 1.4291991 | E36: 1.4291991
A37: sd | B37: m4g_legacy_6b | C37: EOR(kJ/order) | D37: =_xlfn.STDEV.S(per_seed!$K$12:$K$21) -> 0.03339846 | E37: 0.03339846
A38: mean | B38: m4g_legacy_6b | C38: TurnoverMedian(s) | D38: =AVERAGE(per_seed!$L$12:$L$21) -> 858.85333 | E38: 858.85333
A39: sd | B39: m4g_legacy_6b | C39: TurnoverMedian(s) | D39: =_xlfn.STDEV.S(per_seed!$L$12:$L$21) -> 63.01907 | E39: 63.01907
A40: mean | B40: m4g_legacy_6b | C40: StationIdle(%) | D40: =AVERAGE(per_seed!$M$12:$M$21) -> 2.3157407 | E40: 2.3157407
A41: sd | B41: m4g_legacy_6b | C41: StationIdle(%) | D41: =_xlfn.STDEV.S(per_seed!$M$12:$M$21) -> 0.58430457 | E41: 0.58430457
A42: mean | B42: m4g_10b | C42: Items | D42: =AVERAGE(per_seed!$D$22:$D$31) -> 1428.7 | E42: 1428.7
A43: sd | B43: m4g_10b | C43: Items | D43: =_xlfn.STDEV.S(per_seed!$D$22:$D$31) -> 2.2632327 | E43: 2.2632327
A44: mean | B44: m4g_10b | C44: Lines | D44: =AVERAGE(per_seed!$E$22:$E$31) -> 952.2 | E44: 952.2
A45: sd | B45: m4g_10b | C45: Lines | D45: =_xlfn.STDEV.S(per_seed!$E$22:$E$31) -> 16.450599 | E45: 16.450599
A46: mean | B46: m4g_10b | C46: Orders | D46: =AVERAGE(per_seed!$F$22:$F$31) -> 603.5 | E46: 603.5
A47: sd | B47: m4g_10b | C47: Orders | D47: =_xlfn.STDEV.S(per_seed!$F$22:$F$31) -> 11.067972 | E47: 11.067972
A48: mean | B48: m4g_10b | C48: Pile-on | D48: =AVERAGE(per_seed!$G$22:$G$31) -> 5.1175755 | E48: 5.1175755
A49: sd | B49: m4g_10b | C49: Pile-on | D49: =_xlfn.STDEV.S(per_seed!$G$22:$G$31) -> 0.15170876 | E49: 0.15170876
A50: mean | B50: m4g_10b | C50: Trips | D50: =AVERAGE(per_seed!$H$22:$H$31) -> 118 | E50: 118
A51: sd | B51: m4g_10b | C51: Trips | D51: =_xlfn.STDEV.S(per_seed!$H$22:$H$31) -> 3.3993463 | E51: 3.3993463
A52: mean | B52: m4g_10b | C52: Trips/Orders | D52: =AVERAGE(per_seed!$I$22:$I$31) -> 0.19556076 | E52: 0.19556076
A53: sd | B53: m4g_10b | C53: Trips/Orders | D53: =_xlfn.STDEV.S(per_seed!$I$22:$I$31) -> 0.0058391887 | E53: 0.0058391887
A54: mean | B54: m4g_10b | C54: m/Line | D54: =AVERAGE(per_seed!$J$22:$J$31) -> 10.350402 | E54: 10.350402
A55: sd | B55: m4g_10b | C55: m/Line | D55: =_xlfn.STDEV.S(per_seed!$J$22:$J$31) -> 0.27376434 | E55: 0.27376434
A56: mean | B56: m4g_10b | C56: EOR(kJ/order) | D56: =AVERAGE(per_seed!$K$22:$K$31) -> 1.3171851 | E56: 1.3171851
A57: sd | B57: m4g_10b | C57: EOR(kJ/order) | D57: =_xlfn.STDEV.S(per_seed!$K$22:$K$31) -> 0.02943694 | E57: 0.02943694
A58: mean | B58: m4g_10b | C58: TurnoverMedian(s) | D58: =AVERAGE(per_seed!$L$22:$L$31) -> 787.77778 | E58: 787.77778
A59: sd | B59: m4g_10b | C59: TurnoverMedian(s) | D59: =_xlfn.STDEV.S(per_seed!$L$22:$L$31) -> 40.32204 | E59: 40.32204
A60: mean | B60: m4g_10b | C60: StationIdle(%) | D60: =AVERAGE(per_seed!$M$22:$M$31) -> 0.85574074 | E60: 0.85574074
A61: sd | B61: m4g_10b | C61: StationIdle(%) | D61: =_xlfn.STDEV.S(per_seed!$M$22:$M$31) -> 0.15670303 | E61: 0.15670303
A62: mean | B62: m4g_legacy_10b | C62: Items | D62: =AVERAGE(per_seed!$D$32:$D$41) -> 1428.1 | E62: 1428.1
A63: sd | B63: m4g_legacy_10b | C63: Items | D63: =_xlfn.STDEV.S(per_seed!$D$32:$D$41) -> 2.3781412 | E63: 2.3781412
A64: mean | B64: m4g_legacy_10b | C64: Lines | D64: =AVERAGE(per_seed!$E$32:$E$41) -> 959.2 | E64: 959.2
A65: sd | B65: m4g_legacy_10b | C65: Lines | D65: =_xlfn.STDEV.S(per_seed!$E$32:$E$41) -> 12.38996 | E65: 12.38996
A66: mean | B66: m4g_legacy_10b | C66: Orders | D66: =AVERAGE(per_seed!$F$32:$F$41) -> 602.5 | E66: 602.5
A67: sd | B67: m4g_legacy_10b | C67: Orders | D67: =_xlfn.STDEV.S(per_seed!$F$32:$F$41) -> 10.469533 | E67: 10.469533
A68: mean | B68: m4g_legacy_10b | C68: Pile-on | D68: =AVERAGE(per_seed!$G$32:$G$41) -> 2.9392631 | E68: 2.9392631
A69: sd | B69: m4g_legacy_10b | C69: Pile-on | D69: =_xlfn.STDEV.S(per_seed!$G$32:$G$41) -> 0.087123142 | E69: 0.087123142
A70: mean | B70: m4g_legacy_10b | C70: Trips | D70: =AVERAGE(per_seed!$H$32:$H$41) -> 205.1 | E70: 205.1
A71: sd | B71: m4g_legacy_10b | C71: Trips | D71: =_xlfn.STDEV.S(per_seed!$H$32:$H$41) -> 5.4252496 | E71: 5.4252496
A72: mean | B72: m4g_legacy_10b | C72: Trips/Orders | D72: =AVERAGE(per_seed!$I$32:$I$41) -> 0.34048343 | E72: 0.34048343
A73: sd | B73: m4g_legacy_10b | C73: Trips/Orders | D73: =_xlfn.STDEV.S(per_seed!$I$32:$I$41) -> 0.009827036 | E73: 0.009827036
A74: mean | B74: m4g_legacy_10b | C74: m/Line | D74: =AVERAGE(per_seed!$J$32:$J$41) -> 15.687469 | E74: 15.687469
A75: sd | B75: m4g_legacy_10b | C75: m/Line | D75: =_xlfn.STDEV.S(per_seed!$J$32:$J$41) -> 0.63297779 | E75: 0.63297779
A76: mean | B76: m4g_legacy_10b | C76: EOR(kJ/order) | D76: =AVERAGE(per_seed!$K$32:$K$41) -> 2.0391646 | E76: 2.0391646
A77: sd | B77: m4g_legacy_10b | C77: EOR(kJ/order) | D77: =_xlfn.STDEV.S(per_seed!$K$32:$K$41) -> 0.082018825 | E77: 0.082018825
A78: mean | B78: m4g_legacy_10b | C78: TurnoverMedian(s) | D78: =AVERAGE(per_seed!$L$32:$L$41) -> 736.15111 | E78: 736.15111
A79: sd | B79: m4g_legacy_10b | C79: TurnoverMedian(s) | D79: =_xlfn.STDEV.S(per_seed!$L$32:$L$41) -> 71.87252 | E79: 71.87252
A80: mean | B80: m4g_legacy_10b | C80: StationIdle(%) | D80: =AVERAGE(per_seed!$M$32:$M$41) -> 0.9104321 | E80: 0.9104321
A81: sd | B81: m4g_legacy_10b | C81: StationIdle(%) | D81: =_xlfn.STDEV.S(per_seed!$M$32:$M$41) -> 0.16058598 | E81: 0.16058598
A82: pct | B82: m4g_6b vs m4g_legacy_6b | C82: Items | D82: =(AVERAGE(per_seed!$D$2:$D$11)-AVERAGE(per_seed!$D$12:$D$21))/AVERAGE(per_seed!$D$12:$D$21)*100 -> 0.85949709 | E82: 0.85949709
A83: p | B83: m4g_6b vs m4g_legacy_6b | C83: Items | D83: =_xlfn.T.TEST(per_seed!$D$12:$D$21,per_seed!$D$2:$D$11,2,1) -> 0.0050144683 | E83: 0.0050144683
A84: pct | B84: m4g_6b vs m4g_legacy_6b | C84: Lines | D84: =(AVERAGE(per_seed!$E$2:$E$11)-AVERAGE(per_seed!$E$12:$E$21))/AVERAGE(per_seed!$E$12:$E$21)*100 -> 0.70250133 | E84: 0.70250133
A85: p | B85: m4g_6b vs m4g_legacy_6b | C85: Lines | D85: =_xlfn.T.TEST(per_seed!$E$12:$E$21,per_seed!$E$2:$E$11,2,1) -> 0.084654208 | E85: 0.084654208
A86: pct | B86: m4g_6b vs m4g_legacy_6b | C86: Orders | D86: =(AVERAGE(per_seed!$F$2:$F$11)-AVERAGE(per_seed!$F$12:$F$21))/AVERAGE(per_seed!$F$12:$F$21)*100 -> 1.5940309 | E86: 1.5940309
A87: p | B87: m4g_6b vs m4g_legacy_6b | C87: Orders | D87: =_xlfn.T.TEST(per_seed!$F$12:$F$21,per_seed!$F$2:$F$11,2,1) -> 0.0057164769 | E87: 0.0057164769
A88: pct | B88: m4g_6b vs m4g_legacy_6b | C88: Pile-on | D88: =(AVERAGE(per_seed!$G$2:$G$11)-AVERAGE(per_seed!$G$12:$G$21))/AVERAGE(per_seed!$G$12:$G$21)*100 -> 20.913979 | E88: 20.913979
A89: p | B89: m4g_6b vs m4g_legacy_6b | C89: Pile-on | D89: =_xlfn.T.TEST(per_seed!$G$12:$G$21,per_seed!$G$2:$G$11,2,1) -> 3.3106515e-08 | E89: 3.3106515e-08
A90: pct | B90: m4g_6b vs m4g_legacy_6b | C90: Trips | D90: =(AVERAGE(per_seed!$H$2:$H$11)-AVERAGE(per_seed!$H$12:$H$21))/AVERAGE(per_seed!$H$12:$H$21)*100 -> -15.943114 | E90: -15.943114
A91: p | B91: m4g_6b vs m4g_legacy_6b | C91: Trips | D91: =_xlfn.T.TEST(per_seed!$H$12:$H$21,per_seed!$H$2:$H$11,2,1) -> 2.1447764e-08 | E91: 2.1447764e-08
A92: pct | B92: m4g_6b vs m4g_legacy_6b | C92: Trips/Orders | D92: =(AVERAGE(per_seed!$I$2:$I$11)-AVERAGE(per_seed!$I$12:$I$21))/AVERAGE(per_seed!$I$12:$I$21)*100 -> -17.241591 | E92: -17.241591
A93: p | B93: m4g_6b vs m4g_legacy_6b | C93: Trips/Orders | D93: =_xlfn.T.TEST(per_seed!$I$12:$I$21,per_seed!$I$2:$I$11,2,1) -> 1.0660971e-08 | E93: 1.0660971e-08
A94: pct | B94: m4g_6b vs m4g_legacy_6b | C94: m/Line | D94: =(AVERAGE(per_seed!$J$2:$J$11)-AVERAGE(per_seed!$J$12:$J$21))/AVERAGE(per_seed!$J$12:$J$21)*100 -> -16.095763 | E94: -16.095763
A95: p | B95: m4g_6b vs m4g_legacy_6b | C95: m/Line | D95: =_xlfn.T.TEST(per_seed!$J$12:$J$21,per_seed!$J$2:$J$11,2,1) -> 4.3703756e-08 | E95: 4.3703756e-08
A96: pct | B96: m4g_6b vs m4g_legacy_6b | C96: EOR(kJ/order) | D96: =(AVERAGE(per_seed!$K$2:$K$11)-AVERAGE(per_seed!$K$12:$K$21))/AVERAGE(per_seed!$K$12:$K$21)*100 -> -16.769852 | E96: -16.769852
A97: p | B97: m4g_6b vs m4g_legacy_6b | C97: EOR(kJ/order) | D97: =_xlfn.T.TEST(per_seed!$K$12:$K$21,per_seed!$K$2:$K$11,2,1) -> 2.8909144e-08 | E97: 2.8909144e-08
A98: pct | B98: m4g_6b vs m4g_legacy_6b | C98: TurnoverMedian(s) | D98: =(AVERAGE(per_seed!$L$2:$L$11)-AVERAGE(per_seed!$L$12:$L$21))/AVERAGE(per_seed!$L$12:$L$21)*100 -> -3.2679231 | E98: -3.2679231
A99: p | B99: m4g_6b vs m4g_legacy_6b | C99: TurnoverMedian(s) | D99: =_xlfn.T.TEST(per_seed!$L$12:$L$21,per_seed!$L$2:$L$11,2,1) -> 0.092412748 | E99: 0.092412748
A100: pct | B100: m4g_6b vs m4g_legacy_6b | C100: StationIdle(%) | D100: =(AVERAGE(per_seed!$M$2:$M$11)-AVERAGE(per_seed!$M$12:$M$21))/AVERAGE(per_seed!$M$12:$M$21)*100 -> -37.253099 | E100: -37.253099
...
